[
  {
    "id": 1,
    "namn": "AB Företag",
    "adress": "Storgatan 1, 12345 Stad",
    "kontaktperson": "Anna Andersson",
    "telefon": "012-3456789",
    "orgNummer": "556677-8899"
  },
  {
    "id": 2,
    "namn": "XYZ Industri",
    "adress": "Industrivägen 5, 54321 Industriort",
    "kontaktperson": "Bertil Bengtsson",
    "telefon": "098-7654321"
  },
  {
    "id": 3,
    "namn": "Tech Solutions",
    "adress": "Teknikgatan 10, 67890 Techstad",
    "kontaktperson": "Cecilia Carlsson",
    "telefon": "011-2233445"
  },
  {
    "id": 4,
    "namn": "Bygg & Co",
    "adress": "Byggvägen 3, 13579 Byggstad",
    "kontaktperson": "David Dahl",
    "telefon": "022-3344556"
  }
]
